movieInfo,quote,star,title
导演:弗兰克·德拉邦特FrankDarabont   主演:蒂姆·罗宾斯TimRobbins/...;1994 / 美国 / 犯罪剧情;;,希望让人自由。,9,肖申克的救赎 / The Shawshank Redemption / 月黑高飞(港)  /  刺激1995(台)
movieInfo,quote,star,title
导演:弗兰克·德拉邦特FrankDarabont   主演:蒂姆·罗宾斯TimRobbins/...;1994 / 美国 / 犯罪剧情;;,希望让人自由。,9,肖申克的救赎 / The Shawshank Redemption / 月黑高飞(港)  /  刺激1995(台)
导演:罗伯·莱纳RobReiner   主演:玛德琳·卡罗尔MadelineCarroll/卡...;2010 / 美国 / 剧情喜剧爱情;;,真正的幸福是来自内心深处。,8,怦然心动 / Flipped / 萌动青春  /  青春萌动
导演:彼得·杰克逊PeterJackson   主演:伊利亚·伍德ElijahWood/西恩...;2002 / 美国新西兰 / 剧情动作奇幻冒险;;,承前启后的史诗篇章。,9,指环王2：双塔奇兵 / The Lord of the Rings: The Two Towers / 魔戒二部曲：双城奇谋  /  指环王II：双塔
导演:埃里克·布雷斯EricBress/J·麦基·格鲁伯J.MackyeGruber   主...;2004 / 美国加拿大 / 剧情悬疑科幻惊悚;;,人的命运被自己瞬间的抉择改变。,8,蝴蝶效应 / The Butterfly Effect / 蝴蝶效应
导演:KátiaLund/FernandoMeirelles   主演:AlexandreRodrigues/Lea...;2002 / 巴西法国 / 犯罪剧情;;,被上帝抛弃了的上帝之城。,8,上帝之城 / Cidade de Deus / 无主之城 (港)  /  无法无天 (台)
导演:理查德·柯蒂斯RichardCurtis   主演:休·格兰特HughGrant/柯林...;2003 / 英国美国法国 / 喜剧剧情爱情;;,爱，是个动词。,8,真爱至上 / Love Actually / 爱是您，爱是我(台)  /  真的恋爱了(港)
导演:吴宇森JohnWoo   主演:周润发Yun-FatChow/张国荣LeslieCheung...;1991 / 香港 / 剧情喜剧动作犯罪;;,香港浪漫主义警匪动作片的巅峰之作。,8,纵横四海 / 緃横四海 / Once a Thief
导演:梅尔·吉布森MelGibson   主演:安德鲁·加菲尔德AndrewGarfield/...;2016 / 美国澳大利亚 / 剧情传记历史战争;;,优秀的战争片不会美化战场，不会粉饰死亡，不会矮化敌人，不会无视常识，最重要的，不会宣扬战争。,8,血战钢锯岭 / Hacksaw Ridge / 钢锯岭  /  钢铁英雄(台)
导演:雷德利·斯科特RidleyScott   主演:吉娜·戴维斯GeenaDavis/苏...;1991 / 美国法国 / 犯罪剧情惊悚;;,没有了退路，只好飞向自由。,8,末路狂花 / Thelma & Louise / 塞尔玛与路易丝  /  末路狂花
导演:安东尼·明格拉AnthonyMinghella   主演:拉尔夫·费因斯RalphFien...;1996 / 美国英国 / 爱情剧情战争;;,"In memory, love lives forever...",8,英国病人 / The English Patient / 英伦情人(台)  /  别问我是谁(港)
movieInfo,quote,star,title
导演:弗兰克·德拉邦特FrankDarabont   主演:蒂姆·罗宾斯TimRobbins/...;1994 / 美国 / 犯罪剧情;;,希望让人自由。,9,肖申克的救赎 / The Shawshank Redemption / 月黑高飞(港)  /  刺激1995(台)
导演:陈凯歌KaigeChen   主演:张国荣LeslieCheung/张丰毅FengyiZha...;1993 / 中国大陆香港 / 剧情爱情同性;;,风华绝代。,9,霸王别姬 / 再见，我的妾  /  Farewell My Concubine
导演:吕克·贝松LucBesson   主演:让·雷诺JeanReno/娜塔莉·波特曼...;1994 / 法国 / 剧情动作犯罪;;,怪蜀黍和小萝莉不得不说的故事。,9,这个杀手不太冷 / Léon / 杀手莱昂  /  终极追杀令(台)
导演:RobertZemeckis   主演:TomHanks/RobinWrightPenn/GarySinise;1994 / 美国 / 剧情爱情;;,一部美国近现代史。,9,阿甘正传 / Forrest Gump / 福雷斯特·冈普
导演:罗伯托·贝尼尼RobertoBenigni   主演:罗伯托·贝尼尼RobertoBeni...;1997 / 意大利 / 剧情喜剧爱情战争;;,最美的谎言。,9,美丽人生 / La vita è bella / 一个快乐的传说(港)  /  Life Is Beautiful
导演:宫崎骏HayaoMiyazaki   主演:柊瑠美RumiHîragi/入野自由Miy...;2001 / 日本 / 剧情动画奇幻;;,最好的宫崎骏，最好的久石让。 ,9,千与千寻 / 千と千尋の神隠し / 神隐少女(台)  /  Spirited Away
导演:詹姆斯·卡梅隆JamesCameron   主演:莱昂纳多·迪卡普里奥Leonardo...;1997 / 美国 / 剧情爱情灾难;;,失去的才是永恒的。 ,9,泰坦尼克号 / Titanic / 铁达尼号(港 / 台)
导演:史蒂文·斯皮尔伯格StevenSpielberg   主演:连姆·尼森LiamNeeson...;1993 / 美国 / 剧情历史战争;;,拯救一个人，就是拯救整个世界。,9,辛德勒的名单 / Schindler's List / 舒特拉的名单(港)  /  辛德勒名单
导演:克里斯托弗·诺兰ChristopherNolan   主演:莱昂纳多·迪卡普里奥Le...;2010 / 美国英国 / 剧情科幻悬疑冒险;;,诺兰给了我们一场无法盗取的梦。,9,盗梦空间 / Inception / 潜行凶间(港)  /  全面启动(台)
导演:安德鲁·斯坦顿AndrewStanton   主演:本·贝尔特BenBurtt/艾丽...;2008 / 美国 / 爱情科幻动画冒险;;,小瓦力，大人生。,9,机器人总动员 / WALL·E / 瓦力(台)  /  太空奇兵·威E(港)
导演:朱塞佩·托纳多雷GiuseppeTornatore   主演:蒂姆·罗斯TimRoth/...;1998 / 意大利 / 剧情音乐;;,每个人都要走一条自己坚定了的路，就算是粉身碎骨。 ,9,海上钢琴师 / La leggenda del pianista sull'oceano / 声光伴我飞(港)  /  一九零零的传奇
导演:拉库马·希拉尼RajkumarHirani   主演:阿米尔·汗AamirKhan/卡...;2009 / 印度 / 剧情喜剧爱情歌舞;;,英俊版憨豆，高情商版谢耳朵。,9,三傻大闹宝莱坞 / 3 Idiots / 三个傻瓜(台)  /  作死不离3兄弟(港)
导演:莱塞·霍尔斯道姆LasseHallström   主演:理查·基尔RichardGer...;2009 / 美国英国 / 剧情;;,永远都不能忘记你所爱的人。,9,忠犬八公的故事 / Hachi: A Dog's Tale / 忠犬小八(台)  /  秋田犬八千(港)
导演:克里斯托夫·巴拉蒂ChristopheBarratier   主演:杰拉尔·朱诺Géra...;2004 / 法国瑞士德国 / 剧情音乐;;,天籁一般的童声，是最接近上帝的存在。 ,9,放牛班的春天 / Les choristes / 歌声伴我心(港)  /  唱诗班男孩
导演:刘镇伟JeffreyLau   主演:周星驰StephenChow/吴孟达ManTatNg...;1995 / 香港中国大陆 / 喜剧爱情奇幻冒险;;,一生所爱。,9,大话西游之大圣娶亲 / 西遊記大結局之仙履奇緣 / 西游记完结篇仙履奇缘  /  齐天大圣西游记
导演:彼得·威尔PeterWeir   主演:金·凯瑞JimCarrey/劳拉·琳妮Lau...;1998 / 美国 / 剧情科幻;;,如果再也不能见到你，祝你早安，午安，晚安。,9,楚门的世界 / The Truman Show / 真人Show(港)  /  真人戏
导演:宫崎骏HayaoMiyazaki   主演:日高法子NorikoHidaka/坂本千夏Ch...;1988 / 日本 / 儿童动画奇幻家庭;;,人人心中都有个龙猫，童年就永远不会消失。,9,龙猫 / となりのトトロ / 邻居托托罗  /  邻家的豆豆龙
导演:弗朗西斯·福特·科波拉FrancisFordCoppola   主演:马龙·白兰度M...;1972 / 美国 / 剧情犯罪;;,千万不要记恨你的对手，这样会让你失去理智。,9,教父 / The Godfather / Mario Puzo's The Godfather
导演:黄东赫Dong-hyukHwang   主演:孔侑YooGong/郑有美Yu-miJeong...;2011 / 韩国 / 剧情;;,我们一路奋战不是为了改变世界，而是为了不让世界改变我们。,9,熔炉 / 도가니 / 无声呐喊(港)  /  漩涡
导演:克里斯托弗·诺兰ChristopherNolan   主演:马修·麦康纳MatthewMc...;2014 / 美国英国加拿大冰岛 / 剧情科幻冒险;;,爱是一种力量，让我们超越时空感知它的存在。,9,星际穿越 / Interstellar / 星际启示录(港)  /  星际效应(台)
导演:维克多·弗莱明VictorFleming/乔治·库克GeorgeCukor   主演:托...;1939 / 美国 / 剧情历史爱情战争;;,Tomorrow is another day.,9,乱世佳人 / Gone with the Wind / 飘
导演:奥利维·那卡什OlivierNakache/艾力克·托兰达EricToledano   主...;2011 / 法国 / 剧情喜剧;;,满满温情的高雅喜剧。,9,触不可及 / Intouchables / 闪亮人生(港)  /  逆转人生(台)
导演:刘伟强/麦兆辉   主演:刘德华/梁朝伟/黄秋生;2002 / 香港 / 剧情犯罪悬疑;;,香港电影史上永不过时的杰作。,9,无间道 / 無間道 / Infernal Affairs  /  Mou gaan dou
导演:加布里尔·穆奇诺GabrieleMuccino   主演:威尔·史密斯WillSmith...;2006 / 美国 / 剧情传记家庭;;,平民励志片。 ,8,当幸福来敲门 / The Pursuit of Happyness / 寻找快乐的故事(港)  /  追求快乐
导演:朱塞佩·托纳多雷GiuseppeTornatore   主演:安东娜拉·塔莉Antonel...;1988 / 意大利法国 / 剧情爱情;;,那些吻戏，那些青春，都在影院的黑暗里被泪水冲刷得无比清晰。,9,天堂电影院 / Nuovo Cinema Paradiso / 星光伴我心(港)  /  新天堂乐园(台)
导演:罗伯·莱纳RobReiner   主演:玛德琳·卡罗尔MadelineCarroll/卡...;2010 / 美国 / 剧情喜剧爱情;;,真正的幸福是来自内心深处。,8,怦然心动 / Flipped / 萌动青春  /  青春萌动
导演:SidneyLumet   主演:亨利·方达HenryFonda/马丁·鲍尔萨姆Marti...;1957 / 美国 / 剧情;;,1957年的理想主义。 ,9,十二怒汉 / 12 Angry Men / 12怒汉  /  十二怒汉
导演:大卫·芬奇DavidFincher   主演:爱德华·诺顿EdwardNorton/布拉...;1999 / 美国德国 / 剧情动作悬疑惊悚;;,邪恶与平庸蛰伏于同一个母体，在特定的时间互相对峙。,9,搏击俱乐部 / Fight Club / 搏击会(港)  /  斗阵俱乐部(台)
导演:李安AngLee   主演:苏拉·沙玛SurajSharma/伊尔凡·可汗Irrfan...;2012 / 美国台湾英国加拿大 / 剧情奇幻冒险;;,瑰丽壮观、无人能及的冒险之旅。,9,少年派的奇幻漂流 / Life of Pi / 少年Pi的奇幻漂流  /  漂流少年Pi
导演:姜文WenJiang   主演:姜文WenJiang/香川照之TeruyukiKagawa/...;2000 / 中国大陆 / 剧情历史战争;;,对敌人的仁慈，就是对自己残忍。,9,鬼子来了 / Devils on the Doorstep
导演:克里斯托弗·诺兰ChristopherNolan   主演:克里斯蒂安·贝尔Christ...;2008 / 美国英国 / 剧情动作科幻犯罪惊悚;;,无尽的黑暗。,9,蝙蝠侠：黑暗骑士 / The Dark Knight / 蝙蝠侠前传2：黑暗骑士  /  黑暗骑士(台)
导演:张艺谋YimouZhang   主演:葛优YouGe/巩俐LiGong/姜武WuJiang;1994 / 中国大陆香港 / 剧情历史家庭;;,张艺谋最好的电影。,9,活着 / 人生  /  Lifetimes
导演:彼得·杰克逊PeterJackson   主演:维果·莫腾森ViggoMortensen/...;2003 / 美国新西兰 / 剧情动作奇幻冒险;;,史诗的终章。,9,指环王3：王者无敌 / The Lord of the Rings: The Return of the King / 魔戒三部曲：王者再临(台 / 港) 
导演:宫崎骏HayaoMiyazaki   主演:田中真弓MayumiTanaka/横泽启子Ke...;1986 / 日本 / 动画奇幻冒险;;,对天空的追逐，永不停止。 ,9,天空之城 / 天空の城ラピュタ / Tenkû no shiro Rapyuta  /  Laputa: Castle in the Sky
导演:拜伦·霍华德ByronHoward/瑞奇·摩尔RichMoore   主演:金妮弗·...;2016 / 美国 / 喜剧动画冒险;;,迪士尼给我们营造的乌托邦就是这样，永远善良勇敢，永远出乎意料。,9,疯狂动物城 / Zootopia / 优兽大都会(港)  /  动物方城市(台)
导演:刘镇伟JeffreyLau   主演:周星驰StephenChow/吴孟达ManTatNg...;1995 / 香港中国大陆 / 喜剧爱情奇幻冒险;;,旷古烁今。,8,大话西游之月光宝盒 / 西遊記第壹佰零壹回之月光寶盒 / 西游记101回月光宝盒  /  齐天大圣东游记
导演:威廉·惠勒WilliamWyler   主演:奥黛丽·赫本AudreyHepburn/格...;1953 / 美国 / 喜剧剧情爱情;;,爱情哪怕只有一天。,8,罗马假日 / Roman Holiday / 金枝玉叶(港)  /  罗马假期(台)
导演:彼特·道格特PeteDocter/鲍勃·彼德森BobPeterson   主演:爱德...;2009 / 美国 / 剧情喜剧动画冒险;;,最后那些最无聊的事情，才是最值得怀念的。 ,8,飞屋环游记 / Up / 冲天救兵(港)  /  天外奇迹(台)
导演:弗洛里安·亨克尔·冯·多纳斯马FlorianHenckelvonDonnersmarck   ...;2006 / 德国 / 剧情悬疑;;,别样人生。,9,窃听风暴 / Das Leben der Anderen / 他人的生活  /  别人的生活
导演:GuyRitchie   主演:JasonFlemyng/DexterFletcher/NickMoran;1998 / 英国 / 剧情喜剧犯罪;;,4个臭皮匠顶个诸葛亮，盖·里奇果然不是盖的。,9,"两杆大烟枪 / Lock, Stock and Two Smoking Barrels / 够姜四小强(港)  /  两根枪管(台)"
导演:比利·怀尔德BillyWilder   主演:查尔斯·劳顿CharlesLaughton/...;1957 / 美国 / 剧情犯罪悬疑;;,比利·怀德满分作品。,9,控方证人 / Witness for the Prosecution / 雄才伟略  /  情妇
导演:米洛斯·福尔曼MilošForman   主演:杰克·尼科尔森JackNichols...;1975 / 美国 / 剧情;;,自由万岁。,9,飞越疯人院 / One Flew Over the Cuckoo's Nest / 飞越杜鹃窝(台)  /  飞越喜鹊巢
导演:马丁·布莱斯MartinBrest   主演:阿尔·帕西诺AlPacino/克里斯...;1992 / 美国 / 剧情;;,史上最美的探戈。,8,闻香识女人 / Scent of a Woman / 女人香  /  女人的芳香
导演:宫崎骏HayaoMiyazaki   主演:倍赏千惠子ChiekoBaishô/木村拓...;2004 / 日本 / 动画奇幻冒险;;,带着心爱的人在天空飞翔。,8,哈尔的移动城堡 / ハウルの動く城 / 呼啸山城  /  霍尔的移动城堡
导演:LouiePsihoyos   主演:JohnChisholm/Mandy-RaeCruikshank/Char...;2009 / 美国 / 纪录片;;,海豚的微笑，是世界上最高明的伪装。,9,海豚湾 / The Cove / 血色海湾(台)  /  海湾
导演:詹姆斯·麦克特格JamesMcTeigue   主演:娜塔莉·波特曼NataliePor...;2005 / 美国英国德国 / 剧情动作科幻惊悚;;,一张面具背后的理想与革命。,8,V字仇杀队 / V for Vendetta / V煞(港)  /  V怪客(台)
导演:杨宇硕Woo-seokYang   主演:宋康昊Kang-hoSong/吴达洙Dal-suO...;2013 / 韩国 / 剧情;;,电影的现实意义大过电影本身。,9,辩护人 / 변호인 / 逆权大状(港)  /  正义辩护人(台)
导演:彼得·威尔PeterWeir   主演:罗宾·威廉姆斯RobinWilliams/罗伯...;1989 / 美国 / 剧情;;,当一个死水般的体制内出现一个活跃的变数时，所有的腐臭都站在了光明的对面。,9,死亡诗社 / Dead Poets Society / 暴雨骄阳(港)  /  春风化雨(台)
导演:弗朗西斯·福特·科波拉FrancisFordCoppola   主演:阿尔·帕西诺A...;1974 / 美国 / 剧情犯罪;;,优雅的孤独。,9,教父2 / The Godfather: Part Ⅱ / 教父续集  /  教父II
导演:朗·霍华德RonHoward   主演:罗素·克劳RussellCrowe/詹妮弗·...;2001 / 美国 / 传记剧情;;,爱是一切逻辑和原由。,8,美丽心灵 / A Beautiful Mind / 有你终生美丽(港)  /  美丽境界(台)
导演:彼得·杰克逊PeterJackson   主演:伊利亚·伍德ElijahWood/西恩...;2002 / 美国新西兰 / 剧情动作奇幻冒险;;,承前启后的史诗篇章。,9,指环王2：双塔奇兵 / The Lord of the Rings: The Two Towers / 魔戒二部曲：双城奇谋  /  指环王II：双塔
导演:彼得·杰克逊PeterJackson   主演:伊利亚·伍德ElijahWood/西恩...;2001 / 新西兰美国 / 剧情动作奇幻冒险;;,传说的开始。,8,指环王1：魔戒再现 / The Lord of the Rings: The Fellowship of the Ring / 魔戒首部曲：魔戒现身  /  指环王I：护戒使者
导演:岩井俊二ShunjiIwai   主演:中山美穗MihoNakayama/丰川悦司Ets...;1995 / 日本 / 剧情爱情;;,暗恋的极致。,8,情书 / Love Letter / When I Close My Eyes  /  Letters of Love
导演:李安AngLee   主演:郎雄SihungLung/杨贵媚Kuei-MeiYang/吴...;1994 / 台湾美国 / 剧情家庭;;,人生不能像做菜，把所有的料都准备好了才下锅。,9,饮食男女 / 飲食男女 / Eat Drink Man Woman
导演:涅提·蒂瓦里NiteshTiwari   主演:阿米尔·汗AamirKhan/法缇玛...;2016 / 印度 / 剧情传记运动家庭;;,你不是在为你一个人战斗，你要让千千万万的女性看到女生并不是只能相夫教子。,9,摔跤吧！爸爸 / Dangal / 我和我的冠军女儿(台)  /  打死不离3父女(港)
导演:赛尔乔·莱翁内SergioLeone   主演:罗伯特·德尼罗RobertDeNiro...;1984 / 意大利美国 / 犯罪剧情;;,往事如烟，无处祭奠。,9,美国往事 / Once Upon a Time in America / 四海兄弟(台)  /  义薄云天(港)
导演:RogerAllers/罗伯·明可夫RobMinkoff   主演:乔纳森·泰勒·托马...;1994 / 美国 / 剧情动画冒险歌舞家庭;;,动物版《哈姆雷特》。,8,狮子王 / The Lion King / 狮子王3D
导演:罗曼·波兰斯基RomanPolanski   主演:艾德里安·布洛迪AdrienBrod...;2002 / 法国德国英国波兰 / 剧情传记历史战争音乐;;,音乐能化解仇恨。,9,钢琴家 / The Pianist / 战地琴声(台)  /  战地琴人
导演:让-皮埃尔·热内Jean-PierreJeunet   主演:奥黛丽·塔图AudreyTau...;2001 / 法国德国 / 喜剧爱情;;,法式小清新。 ,8,天使爱美丽 / Le fabuleux destin d'Amélie Poulain / 艾蜜莉的异想世界(台)  /  天使艾米莉
导演:李濬益Jun-ikLee   主演:薛景求Kyung-guSol/严志媛Ji-wonUhm...;2013 / 韩国 / 剧情;;,受过伤害的人总是笑得最开心，因为他们不愿意让身边的人承受一样的痛苦。,9,素媛 / 소원 / 许愿  /  希望：为爱重生(台)
导演:大卫·芬奇DavidFincher   主演:摩根·弗里曼MorganFreeman/布...;1995 / 美国 / 剧情犯罪悬疑惊悚;;,警察抓小偷，老鼠玩死猫。,8,七宗罪 / Se7en / 火线追缉令(台)  /  7宗罪
导演:马基德·马基迪MajidMajidi   主演:AmirFarrokhHashemian/默罕...;1997 / 伊朗 / 剧情家庭儿童;;,奔跑的孩子是天使。,9,小鞋子 / بچههای آسمان / 天堂的孩子  /  小童鞋
导演:中岛哲也TetsuyaNakashima   主演:中谷美纪MikiNakatani/瑛太E...;2006 / 日本 / 剧情歌舞;;,以戏谑来戏谑戏谑。,8,被嫌弃的松子的一生 / 嫌われ松子の一生 / 花样奇缘(港)  /  令人讨厌的松子的一生(台)
导演:克里斯托弗·诺兰ChristopherNolan   主演:休·杰克曼HughJackman...;2006 / 美国英国 / 剧情悬疑惊悚;;,孪生蝙蝠侠大战克隆金刚狼。,8,致命魔术 / The Prestige / 顶尖对决(台)  /  死亡魔法(港)
导演:奥里奥尔·保罗OriolPaulo   主演:马里奥·卡萨斯MarioCasas/阿...;2016 / 西班牙 / 剧情犯罪悬疑惊悚;;,你以为你以为的就是你以为的。,8,看不见的客人 / Contratiempo / 佈局(台)  /  死无对证(港)
导演:RobertWise   主演:朱丽·安德鲁斯JulieAndrews/克里斯托弗·普...;1965 / 美国 / 剧情传记爱情歌舞;;,用音乐化解仇恨，让歌声串起美好。,8,音乐之声 / The Sound of Music / 仙乐飘飘处处闻(港)  /  真善美(台)
导演:梅尔·吉布森MelGibson   主演:梅尔·吉布森MelGibson/苏菲·玛...;1995 / 美国 / 动作传记剧情历史战争;;,史诗大片的典范。,8,勇敢的心 / Braveheart / 惊世未了缘(港)  /  梅尔吉勃逊之英雄本色(台)
导演:TimBurton   主演:约翰尼·德普JohnnyDepp/薇诺娜·瑞德Winona...;1990 / 美国 / 剧情奇幻爱情;;,浪漫忧郁的成人童话。,8,剪刀手爱德华 / Edward Scissorhands / 幻海奇缘(港)  /  剪刀手爱德华
导演:大卫·芬奇DavidFincher   主演:凯特·布兰切特CateBlanchett/...;2008 / 美国 / 剧情爱情奇幻;;,在时间之河里感受溺水之苦。,8,本杰明·巴顿奇事 / The Curious Case of Benjamin Button / 奇幻逆缘(港)  /  返老还童
导演:昆汀·塔伦蒂诺QuentinTarantino   主演:约翰·特拉沃尔塔JohnTra...;1994 / 美国 / 剧情喜剧犯罪;;,故事的高级讲法。,8,低俗小说 / Pulp Fiction / 黑色追緝令(台)  /  危险人物(港)
导演:朱塞佩·托纳多雷GiuseppeTornatore   主演:莫妮卡·贝鲁奇Monica...;2000 / 意大利美国 / 剧情战争情色;;,美丽无罪。,8,西西里的美丽传说 / Malèna / 真爱伴我行(台)  /  玛莲娜
导演:安迪·沃卓斯基AndyWachowski/拉娜·沃卓斯基LanaWachowski   主...;1999 / 美国澳大利亚 / 动作科幻;;,视觉革命。,8,黑客帝国 / The Matrix / 廿二世纪杀人网络(港)  /  骇客任务(台)
导演:史蒂文·斯皮尔伯格StevenSpielberg   主演:汤姆·汉克斯TomHanks...;1998 / 美国 / 剧情历史战争;;,美利坚精神输出大片No1.,8,拯救大兵瑞恩 / Saving Private Ryan / 雷霆救兵(港)  /  抢救雷恩大兵(台)
导演:乔纳森·戴米JonathanDemme   主演:朱迪·福斯特JodieFoster/安...;1991 / 美国 / 剧情犯罪惊悚;;,安东尼·霍普金斯的顶级表演。,8,沉默的羔羊 / The Silence of the Lambs / 沉默的羔羊
导演:泷田洋二郎YôjirôTakita   主演:本木雅弘MasahiroMotoki/...;2008 / 日本 / 剧情;;,死可能是一道门，逝去并不是终结，而是超越，走向下一程。,8,入殓师 / おくりびと / 礼仪师之奏鸣曲(港)  /  礼仪师(台)
导演:埃里克·布雷斯EricBress/J·麦基·格鲁伯J.MackyeGruber   主...;2004 / 美国加拿大 / 剧情悬疑科幻惊悚;;,人的命运被自己瞬间的抉择改变。,8,蝴蝶效应 / The Butterfly Effect / 蝴蝶效应
导演:姜文WenJiang   主演:姜文WenJiang/葛优YouGe/周润发Yun-F...;2010 / 中国大陆香港 / 剧情喜剧动作西部;;,你给我翻译翻译，神马叫做TMD的惊喜。,8,让子弹飞 / 让子弹飞一会儿  /  火烧云
导演:王家卫KarWaiWong   主演:张国荣LeslieCheung/梁朝伟TonyLeu...;1997 / 香港日本韩国 / 剧情爱情同性;;,爱情纠缠，男女一致。,8,春光乍泄 / 春光乍洩 / 一起快乐  /  Happy Together
导演:亚当·艾略特AdamElliot   主演:托妮·科莱特ToniCollette/菲利...;2009 / 澳大利亚 / 剧情动画;;,你是我最好的朋友，你是我唯一的朋友 。,8,玛丽和马克思 / Mary and Max / 巧克力情缘(台)  /  同是天涯寂寞客
导演:万籁鸣LaimingWan/唐澄ChengTang   主演:邱岳峰YuefengQiu/...;1961(中国大陆)/1964(中国大陆)/1978(中国大陆)/2004(中国大陆) / 中国大陆 / 动画奇幻;;,经典之作，历久弥新。,9,大闹天宫 / 大闹天宫 上下集  /  The Monkey King
导演:格斯·范·桑特GusVanSant   主演:马特·达蒙MattDamon/罗宾·...;1997 / 美国 / 剧情;;,人生中应该拥有这样的一段豁然开朗。,8,心灵捕手 / Good Will Hunting / 骄阳似我(港)  /  心灵捕手
导演:贝纳尔多·贝托鲁奇BernardoBertolucci   主演:尊龙JohnLone/陈...;1987 / 意大利中国大陆英国法国 / 剧情传记历史;;,“不要跟我比惨，我比你更惨”再适合这部电影不过了。,8,末代皇帝 / The Last Emperor / 末代皇帝溥仪(港)
导演:姜文WenJiang   主演:夏雨YuXia/宁静JingNing/陶虹HongTao;1994 / 中国大陆香港 / 剧情;;,一场华丽的意淫。,8,阳光灿烂的日子 / In the Heat of the Sun
导演:宫崎骏HayaoMiyazaki   主演:松田洋治YôjiMatsuda/石田百合...;1997 / 日本 / 动作爱情战争动画奇幻冒险;;,人与自然的战争史诗。,8,幽灵公主 / もののけ姫 / 魔法公主  /  幽灵少女
导演:M·奈特·沙马兰M.NightShyamalan   主演:布鲁斯·威利斯BruceWi...;1999 / 美国 / 剧情悬疑惊悚;;,深入内心的恐怖，出人意料的结局。,8,第六感 / The Sixth Sense / 灵异第六感  /  鬼眼
导演:王家卫KarWaiWong   主演:林青霞BrigitteLin/金城武TakeshiK...;1994 / 香港 / 剧情爱情;;,寂寞没有期限。,8,重庆森林 / 重慶森林 / Chungking Express
导演:MartinScorsese   主演:莱昂纳多·迪卡普里奥LeonardoDiCaprio/...;2010 / 美国 / 剧情悬疑惊悚;;,昔日翩翩少年，今日大腹便便。,8,禁闭岛 / Shutter Island / 不赦岛(港)  /  隔离岛(台)
导演:韦斯·安德森WesAnderson   主演:拉尔夫·费因斯RalphFiennes/...;2014 / 美国德国英国 / 剧情喜剧冒险;;,小清新的故事里注入了大历史的情怀。,8,布达佩斯大饭店 / The Grand Budapest Hotel / 布达佩斯大酒店(港)  /  欢迎来到布达佩斯大饭店(台)
导演:蒂姆·波顿TimBurton   主演:伊万·麦克格雷格EwanMcGregor/阿...;2003 / 美国 / 剧情家庭奇幻冒险;;,抱着梦想而活着的人是幸福的，怀抱梦想而死去的人是不朽的。,8,大鱼 / Big Fish / 大鱼奇缘(港)  /  大智若鱼(台)
导演:ChrisColumbus   主演:DanielRadcliffe/EmmaWatson/RupertGrint;2001 / 美国英国 / 奇幻冒险;;,童话世界的开端。,8,哈利·波特与魔法石 / Harry Potter and the Sorcerer's Stone / 哈利波特1：神秘的魔法石(港 / 台) 
导演:托马斯·温特伯格ThomasVinterberg   主演:麦斯·米科尔森MadsMik...;2012 / 丹麦瑞典 / 剧情;;,人言可畏。,9,狩猎 / Jagten / 谎言的烙印(台)  /  诬网(港)
导演:刘镇伟JeffreyLau   主演:梁朝伟TonyLeungChiuWai/林青霞Bri...;1993 / 香港 / 喜剧古装;;,百看不厌。 ,8,射雕英雄传之东成西就 / 射鵰英雄傳之東成西就 / 东成西就  /  大英雄 (日本)
导演:JamesMangold   主演:JohnCusack/RayLiotta/AmandaPeet;2003 / 美国 / 剧情悬疑惊悚;;,最不可能的那个人永远是最可能的。,8,致命ID / Identity / 杀人游戏  /  致命身份
导演:陈可辛PeterChan   主演:黎明LeonLai/张曼玉MaggieCheung/...;1996 / 香港 / 剧情爱情;;,相逢只要一瞬间，等待却像是一辈子。,8,甜蜜蜜 / Comrades: Almost a Love Story
导演:史蒂文·斯皮尔伯格StevenSpielberg   主演:莱昂纳多·迪卡普里奥L...;2002 / 美国加拿大 / 传记犯罪剧情;;,骗子大师和执著警探的你追我跑故事。 ,8,猫鼠游戏 / Catch Me If You Can / 逍遥法外  /  神鬼交锋(台)
导演:李安AngLee   主演:希斯·莱杰HeathLedger/杰克·吉伦哈尔Jake...;2005 / 美国加拿大 / 剧情爱情同性家庭;;,每个人心中都有一座断背山。,8,断背山 / Brokeback Mountain / 断臂山
导演:杨德昌EdwardYang   主演:吴念真/李凯莉KellyLee/金燕玲Elai...;2000 / 台湾日本 / 剧情爱情家庭;;,我们都曾经是一一。,8,一一 / Yi yi  /  Yi yi: A One and a Two
导演:中岛哲也TetsuyaNakashima   主演:松隆子TakakoMatsu/冈田将生...;2010 / 日本 / 剧情惊悚;;,没有一人完全善，也没有一人完全恶。,8,告白 / 自白  /  母亲
导演:姜炯哲Hyeong-CheolKang   主演:沈恩京Eun-kyungShim/闵孝琳Hy...;2011 / 韩国 / 剧情喜剧;;,再多各自牛逼的时光，也比不上一起傻逼的岁月。 ,8,阳光姐妹淘 / 써니 / 阳光姊妹淘(港)  /  桑尼
导演:戈尔·维宾斯基GoreVerbinski   主演:约翰尼·德普JohnnyDepp/...;2003 / 美国 / 动作冒险奇幻;;,约翰尼·德普的独角戏。,8,加勒比海盗 / Pirates of the Caribbean: The Curse of the Black Pearl / 加勒比海盗1：黑珍珠号的诅咒  /  神鬼奇航：鬼盗船魔咒(台)
导演:KátiaLund/FernandoMeirelles   主演:AlexandreRodrigues/Lea...;2002 / 巴西法国 / 犯罪剧情;;,被上帝抛弃了的上帝之城。,8,上帝之城 / Cidade de Deus / 无主之城 (港)  /  无法无天 (台)
导演:查理·卓别林CharlesChaplin   主演:查理·卓别林CharlesChaplin...;1936 / 美国 / 喜剧剧情爱情;;,大时代中的人生，小人物的悲喜。,9,"摩登时代 / Modern Times / The Masses  /  Temps modernes, Les"
导演:马克·赫门MarkHerman   主演:阿沙·巴特菲尔德AsaButterfield/...;2008 / 英国美国 / 剧情战争;;,尽管有些不切实际的幻想，这部电影依旧是一部感人肺腑的佳作。,8,穿条纹睡衣的男孩 / The Boy in the Striped Pajamas / 穿条纹衣服的男孩  /  穿条纹衣的男孩
导演:詹姆斯·卡梅隆JamesCameron   主演:萨姆·沃辛顿SamWorthington...;2009 / 美国英国 / 动作战争科幻冒险;;,绝对意义上的美轮美奂。,8,阿凡达 / Avatar / 天神下凡(港)  /  化身
导演:理查德·林克莱特RichardLinklater   主演:伊桑·霍克EthanHawke...;1995 / 美国奥地利瑞士 / 剧情爱情;;,缘分是个连绵词，最美不过一瞬。,8,爱在黎明破晓前 / Before Sunrise / 情留半天(港)  /  爱在黎明破晓时(台)
导演:大卫·芬奇DavidFincher   主演:本·阿弗莱克BenAffleck/罗莎蒙...;2014 / 美国 / 剧情犯罪悬疑惊悚;;,年度最佳date movie。,8,消失的爱人 / Gone Girl / 失踪的女孩  /  失踪女孩
导演:宫崎骏HayaoMiyazaki   主演:岛本须美SumiShimamoto/松田洋治Y...;1984 / 日本 / 科幻动画奇幻冒险;;,动画片的圣经。,8,风之谷 / 風の谷のナウシカ / 风谷少女  /  Kaze no tani no Naushika
导演:理查德·林克莱特RichardLinklater   主演:伊桑·霍克EthanHawke...;2004 / 美国 / 剧情爱情;;,九年后的重逢是世俗和责任的交叠，没了悸动和青涩，沧桑而温暖。,8,爱在日落黄昏时 / Before Sunset / 日落巴黎(港)  /  爱在日落巴黎时(台)
导演:近藤喜文YoshifumiKondo   主演:本名阳子YoukoHonna/小林桂树K...;1995 / 日本 / 剧情爱情动画音乐;;,少女情怀总是诗。,8,侧耳倾听 / 耳をすませば / 心之谷  /  梦幻街少女
导演:今敏SatoshiKon   主演:林原惠美MegumiHayashibara/古谷彻T...;2006 / 日本 / 动画悬疑科幻惊悚;;,梦的勾结。,8,红辣椒 / パプリカ / 盗梦侦探  /  帕布莉卡
导演:程小东Siu-TungChing   主演:张国荣LeslieCheung/王祖贤JoeyW...;1987 / 香港 / 剧情爱情武侠古装;;,两张绝世的脸。 ,8,倩女幽魂 / 倩女幽魂(87版)  /  A Chinese Ghost Story
导演:托尼·凯耶TonyKaye   主演:艾德里安·布洛迪AdrienBrody/马西...;2011 / 美国 / 剧情;;,穷尽一生，我们要学会的，不过是彼此拥抱。,8,超脱 / Detachment / 人间师格(台)
导演:金秉祐Byeong-wooKim   主演:河正宇Jung-wooHa/李璟荣Kyeong-y...;2013 / 韩国 / 剧情犯罪悬疑;;,恐怖分子的“秋菊打官司”。,8,恐怖直播 / 더 테러 라이브 / 死亡“动”新闻(港)  /  恐怖攻击直播(台)
导演:迪恩·德布洛斯DeanDeBlois/克里斯·桑德斯ChrisSanders   主演:...;2010 / 美国 / 喜剧动画奇幻冒险家庭;;,和谐的生活离不开摸头与被摸头。,8,驯龙高手 / How to Train Your Dragon / 驯龙记(港)
导演:高畑勋IsaoTakahata   主演:辰己努/白石绫乃/志乃原良子;1988 / 日本 / 动画剧情战争;;,幸福是生生不息，却难以触及的远。 ,8,萤火虫之墓 / 火垂るの墓 / 再见萤火虫(港)  /  萤火挽歌
导演:史蒂文·斯皮尔伯格StevenSpielberg   主演:汤姆·汉克斯TomHanks...;2004 / 美国 / 喜剧剧情爱情;;,有时候幸福需要等一等。 ,8,幸福终点站 / The Terminal / 机场客运站(港)  /  航站情缘(台)
导演:北野武TakeshiKitano   主演:北野武TakeshiKitano/关口雄介Yus...;1999 / 日本 / 剧情喜剧;;,从没见过那么流氓的温柔，从没见过那么温柔的流氓。,8,菊次郎的夏天 / 菊次郎の夏 / Kikujirô no natsu  /  菊次郎的夏天
导演:森淳一JunichiMori   主演:桥本爱AiHashimoto/三浦贵大Takahir...;2014 / 日本 / 剧情;;,那些静得只能听见呼吸的日子里，你明白孤独即生活。,8,小森林 夏秋篇 / リトル・フォレスト 夏・秋 / 小森食光 / 夏秋篇(台) 
导演:周星驰StephenChow/李力持Lik-ChiLee   主演:周星驰StephenCh...;1999 / 香港 / 喜剧剧情爱情;;,我是一个演员。,8,喜剧之王 / 喜劇之王 / King of Comedy
导演:黑泽明AkiraKurosawa   主演:三船敏郎ToshirôMifune/志村乔...;1954 / 日本 / 动作冒险剧情;;,时代悲歌。,9,七武士 / 七人の侍 / 七侠四义(港)  /  The Seven Samurai
导演:米林宏昌HiromasaYonebayashi   主演:志田未来MiraiShida/神木...;2010 / 日本 / 动画奇幻冒险;;,曾经的那段美好会沉淀为一辈子的记忆。,8,借东西的小人阿莉埃蒂 / 借りぐらしのアリエッティ / 借物少女艾莉缇(台)  /  借东西的小矮人亚莉亚蒂(港)
导演:罗启锐AlexLaw   主演:吴君如SandraNg/任达华SimonYam/钟绍...;2010 / 香港中国大陆 / 剧情家庭;;,岁月流逝，来日可追。,8,岁月神偷 / 歲月神偷 / 1969太空漫游  /  Echoes Of The Rainbow
导演:皮艾尔·柯芬PierreCoffin/克里斯·雷纳德ChrisRenaud   主演:...;2010 / 美国法国 / 喜剧动画冒险;;,Mr. I Don't Care其实也有Care的时候。,8,神偷奶爸 / Despicable Me / 卑鄙的我  /  坏蛋奖门人(港)
导演:奉俊昊Joon-hoBong   主演:宋康昊Kang-hoSong/金相庆Sang-kyun...;2003 / 韩国 / 犯罪剧情悬疑惊悚;;,关于连环杀人悬案的集体回忆。,8,杀人回忆 / 살인의 추억 / 谋杀回忆  /  杀手回忆录
导演:雅克·贝汉JacquesPerrin/雅克·克鲁奥德JacquesCluzaud   主演:...;2009 / 法国瑞士西班牙美国阿联酋 / 纪录片;;,大海啊，不全是水。,9,海洋 / Océans / Oceans  /  海洋
导演:理查德·柯蒂斯RichardCurtis   主演:休·格兰特HughGrant/柯林...;2003 / 英国美国法国 / 喜剧剧情爱情;;,爱，是个动词。,8,真爱至上 / Love Actually / 爱是您，爱是我(台)  /  真的恋爱了(港)
导演:詹姆斯·温JamesWan   主演:雷·沃纳尔LeighWhannell/加利·艾...;2004 / 美国 / 悬疑惊悚恐怖;;,真相就在眼前。,8,电锯惊魂 / Saw / 夺魂锯(台)  /  恐惧斗室(港)
导演:丹尼·鲍尔DannyBoyle/洛芙琳·坦丹LoveleenTandan   主演:戴夫...;2008 / 英国美国 / 剧情爱情;;,上帝之城+猜火车+阿甘正传+开心辞典=山寨富翁,8,贫民窟的百万富翁 / Slumdog Millionaire / 贫民百万富翁(台)  /  一百万零一夜(港)
导演:保罗·格林格拉斯PaulGreengrass   主演:马特·达蒙MattDamon/...;2007 / 美国德国 / 动作悬疑惊悚;;,像吃了苏打饼一样干脆的电影。,8,谍影重重3 / The Bourne Ultimatum / 叛谍追击3：最后通牒(港)  /  神鬼认证：最后通牒 (台)
导演:李安AngLee   主演:赵文瑄WinstonChao/郎雄SihungLung/归亚...;1993 / 台湾美国 / 剧情喜剧爱情同性家庭;;,中国家庭的喜怒哀乐忍。,8,喜宴 / 囍宴 / The Wedding Banquet
导演:王家卫KarWaiWong   主演:张国荣LeslieCheung/张曼玉MaggieC...;1994 / 香港台湾 / 剧情动作爱情武侠古装;;,电影诗。,8,东邪西毒 / 東邪西毒 / Ashes of Time
导演:克里斯托弗·诺兰ChristopherNolan   主演:盖·皮尔斯GuyPearce/...;2000 / 美国 / 犯罪剧情悬疑惊悚;;,一个针管引发的血案。,8,记忆碎片 / Memento / 失忆  /  记忆拼图(台)
导演:巴瑞·莱文森BarryLevinson   主演:达斯汀·霍夫曼DustinHoffman...;1988 / 美国 / 剧情;;,生活在自己的世界里，也可以让周围的人显得可笑和渺小。,8,雨人 / Rain Man / 手足情未了  /  手足情深
导演:彼特·道格特PeteDocter/大卫·斯沃曼DavidSilverman   主演:约...;2001 / 美国 / 儿童喜剧动画奇幻冒险;;,不要给它起名字，起了名字就有感情了。,8,"怪兽电力公司 / Monsters, Inc. / 怪兽公司(港)  /  怪物公司"
导演:达伦·阿罗诺夫斯基DarrenAronofsky   主演:娜塔莉·波特曼Natalie...;2010 / 美国 / 剧情惊悚;;,黑暗之美。,8,黑天鹅 / Black Swan / 夺命黑天鹅  /  霸王别鹅(豆友译名)
导演:吴宇森JohnWoo   主演:周润发Yun-FatChow/狄龙LungTi/张国...;1986 / 香港 / 动作犯罪;;,英雄泪短，兄弟情长。 ,8,英雄本色 / A Better Tomorrow  /  Gangland Boss
导演:科克·德·米科KirkDeMicco/克里斯·桑德斯ChrisSanders   主演...;2013 / 美国 / 喜剧动画冒险;;,老少皆宜，这就是好莱坞动画的魅力。,8,疯狂原始人 / The Croods / 古鲁家族(港 / 台) 
导演:爱德华·兹威克EdwardZwick   主演:安东尼·霍普金斯AnthonyHopki...;1994 / 美国 / 剧情爱情西部家庭;;,传奇，不是每个人都可以拥有。,8,燃情岁月 / Legends of the Fall / 秋日传奇  /  真爱一世情(台)
导演:特瑞·乔治TerryGeorge   主演:唐·钱德尔DonCheadle/苏菲·奥...;2004 / 英国南非意大利美国 / 剧情历史战争;;,当这个世界闭上双眼，他却敞开了怀抱。,8,卢旺达饭店 / Hotel Rwanda / 卢安达饭店(台)
导演:杰拉尔·乌里GérardOury   主演:路易·德·菲耐斯LouisdeFunès...;1966 / 法国英国 / 喜剧战争;;,永远看不腻的喜剧。,8,虎口脱险 / La grande vadrouille / 横冲直撞出重围(港)  /  大進擊(台)
导演:森淳一JunichiMori   主演:桥本爱AiHashimoto/三浦贵大Takahir...;2015 / 日本 / 剧情;;,尊敬他人，尊敬你生活的这片土地，明白孤独是人生的常态。,8,小森林 冬春篇 / リトル・フォレスト 冬・春 / 小森食光 / 冬春篇(台) 
导演:李焕庆Hwan-kyeongLee   主演:柳承龙Seung-yongRyoo/朴信惠Shi...;2013 / 韩国 / 剧情喜剧家庭;;,《我是山姆》的《美丽人生》。,8,7号房的礼物 / 7번방의 선물 / 戆爸的礼物(港)  /  7号囚房的礼物
导演:尼克·卡索维茨NickCassavetes   主演:瑞恩·高斯林RyanGosling/...;2004 / 美国 / 剧情爱情;;,爱情没有那么多借口，如果不能圆满，只能说明爱的不够。 ,8,恋恋笔记本 / The Notebook / 深情日记  /  写我情真
导演:乔·怀特JoeWright   主演:凯拉·奈特莉KeiraKnightley/马修·...;2005 / 法国英国美国 / 剧情爱情;;,爱是摈弃傲慢与偏见之后的曙光。,8,傲慢与偏见 / Pride & Prejudice / 傲慢与偏见2005  /  Pride And Prejudice
导演:肯尼斯·罗纳根KennethLonergan   主演:卡西·阿弗莱克CaseyAffle...;2016 / 美国 / 剧情家庭;;,我们都有权利不与自己的过去和解。,8,海边的曼彻斯特 / Manchester by the Sea / 情系海边之城(港)  /  海曼
导演:大卫·叶茨DavidYates   主演:丹尼尔·雷德克里夫DanielRadcliffe...;2011 / 美国英国 / 剧情悬疑奇幻冒险;;,10年的完美句点。,8,哈利·波特与死亡圣器(下) / Harry Potter and the Deathly Hallows: Part 2 / 哈利波特7：死神的圣物2(港 / 台) 
导演:大森贵弘TakahiroOmori   主演:佐仓绫音AyaneSakura/内山昂辉K...;2011 / 日本 / 剧情爱情动画奇幻;;,触不到的恋人。,8,萤火之森 / 蛍火の杜へ / 萤火之社  /  Hotarubi no mori e
导演:克林特·伊斯特伍德ClintEastwood   主演:凯文·科斯特纳KevinCos...;1993 / 美国 / 剧情犯罪;;,坏人的好总是比好人的好来得更感人。,9,完美的世界 / A Perfect World / 强盗保镳
导演:弗朗西斯·福特·科波拉FrancisFordCoppola   主演:阿尔·帕西诺A...;1990 / 美国 / 剧情犯罪;;,任何信念的力量，都无法改变命运。,8,教父3 / The Godfather: Part III / 教父第三集  /  教父 III
导演:达米安·斯兹弗隆DamiánSzifron   主演:达里奥·葛兰帝内提Darío...;2014 / 阿根廷西班牙 / 剧情喜剧犯罪;;,始于荒诞，止于更荒诞。,8,荒蛮故事 / Relatos salvajes / 蛮荒故事  /  生命中最抓狂的小事(台)
导演:吴宇森JohnWoo   主演:周润发Yun-FatChow/张国荣LeslieCheung...;1991 / 香港 / 剧情喜剧动作犯罪;;,香港浪漫主义警匪动作片的巅峰之作。,8,纵横四海 / 緃横四海 / Once a Thief
导演:郭柯KeGuo   主演:;2015 / 中国大陆 / 纪录片;;,有一些东西不应该被遗忘。,8,二十二 / Twenty Two  /  22
导演:MervynLeRoy   主演:VivienLeigh/RobertTaylor/LucileWatson;1940 / 美国 / 剧情战争爱情;;,中国式内在的美国电影。,8,魂断蓝桥 / Waterloo Bridge / 滑铁卢桥  /  断桥残梦
导演:丹尼·博伊尔DannyBoyle   主演:伊万·麦克格雷格EwanMcGregor/...;1996 / 英国 / 犯罪剧情;;,不可猜的青春迷笛。 ,8,猜火车 / Trainspotting / 迷幻列车(港)  /  定位的火车
导演:细田守MamoruHosoda   主演:仲里依纱RiisaNaka/石田卓也Takuya...;2006 / 日本 / 剧情爱情科幻动画;;,爱上未来的你。 ,8,穿越时空的少女 / 時をかける少女 / 跳跃吧！时空少女(台)  /  Toki o kakeru shôjo
导演:李·昂克里奇LeeUnkrich   主演:汤姆·汉克斯TomHanks/蒂姆·艾...;2010 / 美国 / 喜剧动画奇幻冒险;;,跨度十五年的欢乐与泪水。,8,玩具总动员3 / Toy Story 3 / 反斗奇兵3(港)  /  玩具的故事3
导演:王家卫KarWaiWong   主演:梁朝伟TonyLeungChiuWai/张曼玉Ma...;2000 / 香港法国 / 剧情爱情;;,偷情本没有这样美。,8,花样年华 / 花樣年華 / In the Mood for Love
导演:StanleyDonen/GeneKelly   主演:GeneKelly/DonaldO'Connor/...;1952 / 美国 / 喜剧歌舞爱情;;,骨灰级歌舞片。,9,雨中曲 / Singin' in the Rain / 雨中情  /  万花嬉春
导演:忻钰坤YukunXin   主演:霍卫民WeiminHuo/王笑天XiaotianWang...;2014 / 中国大陆 / 剧情犯罪悬疑;;,荒诞讽刺，千奇百巧，抽丝剥茧，百转千回。,8,心迷宫 / 殡棺  /  The Coffin in the Mountain
导演:理查德·柯蒂斯RichardCurtis   主演:多姆纳尔·格利森DomhnallGl...;2013 / 英国 / 剧情爱情奇幻;;,把每天当作最后一天般珍惜度过，积极拥抱生活，就是幸福。,8,时空恋旅人 / About Time / 时空旅恋人  /  回到最爱的一天(港)
导演:李力持Lik-ChiLee   主演:周星驰StephenChow/巩俐LiGong/陈...;1993 / 香港 / 喜剧爱情古装;;,华太师是黄霑，吴镇宇四大才子之一。,8,唐伯虎点秋香 / 唐伯虎點秋香 / Flirting Scholar
导演:唐·霍尔DonHall/克里斯·威廉姆斯ChrisWilliams   主演:斯科特...;2014 / 美国 / 喜剧动作科幻动画冒险;;,Balalala~~~,8,超能陆战队 / Big Hero 6 / 大英雄联盟(港)  /  大英雄天团(台)
导演:杰茜·尼尔森JessieNelson   主演:SeanPenn/DakotaFanning/Mi...;2001 / 美国 / 剧情家庭;;,爱并不需要智商 。,8,我是山姆 / I Am Sam / 不一样的爸爸(港)  /  他不笨，他是我爸爸(台)
导演:克里斯托弗·诺兰ChristopherNolan   主演:克里斯蒂安·贝尔Christ...;2012 / 美国英国 / 剧情动作科幻犯罪惊悚;;,诺兰就是保证。,8,蝙蝠侠：黑暗骑士崛起 / The Dark Knight Rises / 蝙蝠侠前传3：黑暗骑士崛起  /  黑暗骑士：黎明升起(台)
导演:史蒂文·斯皮尔伯格StevenSpielberg   主演:海利·乔·奥斯蒙Haley...;2001 / 美国 / 冒险剧情科幻;;,对爱的执着，可以超越一切。,8,人工智能 / Artificial Intelligence: AI / AI人工智慧
导演:丹尼斯·甘塞尔DennisGansel   主演:尤尔根·沃格尔JürgenVogel...;2008 / 德国 / 剧情惊悚;;,世界离独裁只有五天。,8,浪潮 / Die Welle / 恶魔教室(台)  /  白恤暴潮(港)
导演:卡洛斯·沙尔丹哈CarlosSaldanha/克里斯·韦奇ChrisWedge   主演...;2002 / 美国 / 喜剧动画冒险;;,松鼠才是角儿。,8,冰川时代 / Ice Age / 冰河世纪  /  冰原历险记
导演:汤姆·提克威TomTykwer   主演:本·卫肖BenWhishaw/艾伦·瑞克...;2006 / 德国法国西班牙美国 / 剧情犯罪奇幻;;,一个单凭体香达到高潮的男人。,8,香水 / Perfume: The Story of a Murderer / 香水：一个杀人犯的故事  /  香水：一个谋杀犯的故事
导演:史蒂芬·戴德利StephenDaldry   主演:凯特·温丝莱特KateWinslet...;2008 / 美国德国 / 剧情爱情;;,当爱情跨越年龄的界限，它似乎能变得更久远一点，成为一种责任，一种水到渠成的相濡以沫。 ,8,朗读者 / The Reader / 为爱朗读(台)  /  读爱(港)
导演:卢卡·圭达尼诺LucaGuadagnino   主演:蒂莫西·柴勒梅德Timothée...;2017 / 意大利法国巴西美国 / 剧情爱情同性;;,沉醉在电影的情感和视听氛围中无法自拔。,8,请以你的名字呼唤我 / Call Me by Your Name / 以你的名字呼唤我(港 / 台) 
导演:黑泽明AkiraKurosawa   主演:三船敏郎ToshirôMifune/千秋实...;1950 / 日本 / 犯罪剧情悬疑;;,人生的N种可能性。,8,罗生门 / 羅生門 / Rashomon
导演:达米安·沙泽勒DamienChazelle   主演:迈尔斯·特勒MilesTeller/...;2014 / 美国 / 剧情音乐;;,这个世界从不善待努力的人，努力了也不一定会成功，但是知道自己在努力，就是活下去的动力。,8,爆裂鼓手 / Whiplash / 鼓动真我(港)  /  进击的鼓手(台)
导演:克里斯托弗·诺兰ChristopherNolan   主演:杰里米·西奥伯德Jeremy...;1998 / 英国 / 犯罪悬疑惊悚;;,诺兰的牛逼来源于内心散发出的恐惧。,8,追随 / Following / 跟踪(台)  /  致命追踪
导演:阿斯哈·法哈蒂AsgharFarhadi   主演:佩曼·莫阿迪PeymanMoadi/...;2011 / 伊朗法国 / 剧情家庭;;,只有有信仰的人才能说出事实真相。,8,一次别离 / جدایی نادر از سیمین / 分居风暴(台)  /  伊朗式分居(港)
导演:今敏SatoshiKon   主演:岩男润子JunkoIwao/松本梨香RicaMatsu...;1997 / 日本 / 动画奇幻惊悚;;,好的剧本是，就算你猜到了结局也猜不到全部。,8,未麻的部屋 / Perfect Blue / 蓝色的恐惧  /  蓝色恐惧
导演:梅尔·吉布森MelGibson   主演:安德鲁·加菲尔德AndrewGarfield/...;2016 / 美国澳大利亚 / 剧情传记历史战争;;,优秀的战争片不会美化战场，不会粉饰死亡，不会矮化敌人，不会无视常识，最重要的，不会宣扬战争。,8,血战钢锯岭 / Hacksaw Ridge / 钢锯岭  /  钢铁英雄(台)
导演:保罗·哈吉斯PaulHaggis   主演:桑德拉·布洛克SandraBullock/...;2004 / 美国德国 / 犯罪剧情;;,天使与魔鬼的冲撞。,8,撞车 / Crash / 冲击效应  /  冲撞
导演:陆川ChuanLu   主演:多布杰Duobujie/张磊LeiZhang/亓亮QiL...;2004 / 中国大陆香港 / 剧情犯罪;;,坚硬的信仰。,8,可可西里 / Kekexili: Mountain Patrol
导演:安德鲁·尼科尔AndrewNiccol   主演:尼古拉斯·凯奇NicolasCage/...;2005 / 美国法国 / 剧情犯罪;;,做一颗让别人需要你的棋子。,8,战争之王 / Lord of War / 军火之王(台 / 港) 
导演:克里斯托弗·史密斯ChristopherSmith   主演:梅利莎·乔治Melissa...;2009 / 英国澳大利亚 / 剧情悬疑惊悚;;,不要企图在重复中寻找已经失去的爱。,8,恐怖游轮 / Triangle / 汪洋血迷宮(台)  /  轮回三角
导演:阿米尔·汗AamirKhan   主演:达席尔·萨法瑞DarsheelSafary/阿...;2007 / 印度 / 剧情儿童家庭;;,天使保护事件始末。,8,地球上的星星 / Taare Zameen Par / 心中的小星星(台)  /  每一个孩子都是特别的
导演:达伦·阿伦诺夫斯基DarrenAronofsky   主演:艾伦·伯斯汀EllenBur...;2000 / 美国 / 剧情;;,一场没有春天的噩梦。,8,梦之安魂曲 / Requiem for a Dream / 噩梦挽歌(台)  /  迷上瘾(港)
导演:让-马克·瓦雷Jean-MarcVallée   主演:马修·麦康纳MatthewMcCon...;2013 / 美国 / 剧情传记同性;;,Jared Leto的腿比女人还美！,8,达拉斯买家俱乐部 / Dallas Buyers Club / 续命枭雄(港)  /  药命俱乐部(台)
导演:昆汀·塔伦蒂诺QuentinTarantino   主演:杰米·福克斯JamieFoxx/...;2012 / 美国 / 剧情动作西部冒险;;,热血沸腾，那个低俗、性感的无耻混蛋又来了。,8,被解救的姜戈 / Django Unchained / 被解放的姜戈  /  决杀令(台)
导演:王家卫KarWaiWong   主演:张国荣LeslieCheung/张曼玉MaggieC...;1990 / 香港 / 犯罪剧情爱情;;,王家卫是一种风格，张国荣是一个代表。,8,阿飞正传 / 阿飛正傳 / Days of Being Wild
导演:杨德昌EdwardYang   主演:张震ChenChang/杨静怡LisaYang/张...;1991 / 台湾 / 剧情犯罪;;,弱者送给弱者的一刀。,8,牯岭街少年杀人事件 / 牯嶺街少年殺人事件 / A Brighter Summer Day
导演:道格·里曼DougLiman   主演:马特·达蒙MattDamon/弗兰卡·波坦...;2002 / 美国德国捷克 / 动作悬疑惊悚;;,哗啦啦啦啦，天在下雨，哗啦啦啦啦，云在哭泣……找自己。,8,谍影重重 / The Bourne Identity / 叛谍追击(港)  /  神鬼认证(台)
导演:宫崎骏HayaoMiyazaki   主演:高山南MinamiTakayama/佐久间玲Re...;1989 / 日本 / 动画奇幻冒险;;,宫崎骏的电影总让人感觉世界是美好的，阳光明媚的。,8,魔女宅急便 / 魔女の宅急便 / 魔女琪琪(台)  /  小魔女限时专送
导演:保罗·格林格拉斯PaulGreengrass   主演:马特·达蒙MattDamon/...;2004 / 美国德国 / 动作悬疑惊悚;;,谁说王家卫镜头很晃？,8,谍影重重2 / The Bourne Supremacy / 叛谍追击2：机密圈套(港)  /  神鬼认证：神鬼疑云(台)
导演:卡比尔·汗KabirKhan   主演:萨尔曼·汗SalmanKhan/哈莎莉·马...;2015 / 印度 / 剧情喜剧动作,,8,小萝莉的猴神大叔 / Bajrangi Bhaijaan / 娃娃返乡任务(台)  /  宝莱坞之钢铁奶爸(台)
导演:伦尼·阿伯拉罕森LennyAbrahamson   主演:布丽·拉尔森BrieLarson...;2015 / 爱尔兰加拿大英国美国 / 剧情家庭;;,被偷走的岁月，被伤害的生命，被禁锢的灵魂，终将被希望和善意救赎。,8,房间 / Room / 不存在的房间(台)  /  抖室(港)
导演:彼特·道格特PeteDocter/罗纳尔多·德尔·卡门RonaldoDelCarmen  &nb...;2015 / 美国 / 喜剧动画冒险;;,愿我们都不用长大，每一座城堡都能永远存在。,8,头脑特工队 / Inside Out / 玩转脑朋友(港)  /  脑筋急转弯(台)
导演:AlfredHitchcock   主演:JanetLeigh/AnthonyPerkins/VeraMiles;1960 / 美国 / 悬疑惊悚恐怖;;,故事的反转与反转，分裂电影的始祖。,8,惊魂记 / Psycho / 精神病患者  /  触目惊心
导演:SeijirôKôyama   主演:山本圭KeiYamamoto/井川比佐志Hisa...;1987 / 日本 / 剧情;;,养狗三日，便会对你终其一生。,9,忠犬八公物语 / ハチ公物語 / 八千公物语  /  阿八的故事
导演:LucBesson   主演:让-马克·巴尔Jean-MarcBarr/让·雷诺JeanRe...;1988 / 法国美国意大利 / 剧情爱情;;,在那片深蓝中，感受来自大海的忧伤寂寞与美丽自由。,8,碧海蓝天 / Le grand bleu / 碧海情深  /  夜海倾情
导演:约翰·卡尼JohnCarney   主演:凯拉·奈特莉KeiraKnightley/马克...;2013 / 美国 / 喜剧爱情音乐;;,爱我就给我看你的播放列表。,8,再次出发之纽约遇见你 / Begin Again / 再次出发  /  歌曲改变人生
导演:徐克HarkTsui   主演:张曼玉MaggieCheung/王祖贤JoeyWang/...;1993 / 香港 / 剧情奇幻古装;;,人生如此，浮生如斯。谁人言，花彼岸，此生情长意短。谁都是不懂爱的罢了。,8,青蛇 / Green Snake
导演:小津安二郎YasujirôOzu   主演:笠智众ChishûRyû/原节...;1953 / 日本 / 剧情家庭;;,东京那么大，如果有一天走失了，恐怕一辈子不能再相见。,9,东京物语 / 東京物語 / 东京故事  /  Tokyo Story
导演:严定宪DingxianYan/王树忱ShuchenWang   主演:梁正晖Zhenghui...;1979 / 中国大陆 / 冒险动画奇幻;;,想你时你在闹海。,8,哪吒闹海 / Prince Nezha's Triumph Against Dragon King  /  Nezha nao hai
导演:新海诚MakotoShinkai   主演:水桥研二KenjiMizuhashi/近藤好美...;2007 / 日本 / 动画剧情爱情;;,青春就是放弃和怀念。,8,秒速5厘米 / 秒速5センチメートル / 秒速五厘米  /  秒速5公分
导演:雷德利·斯科特RidleyScott   主演:吉娜·戴维斯GeenaDavis/苏...;1991 / 美国法国 / 犯罪剧情惊悚;;,没有了退路，只好飞向自由。,8,末路狂花 / Thelma & Louise / 塞尔玛与路易丝  /  末路狂花
导演:理查德·柯蒂斯RichardCurtis   主演:比尔·奈伊BillNighy/肯尼...;2009 / 英国德国法国 / 剧情喜剧音乐;;,生命不止，摇滚不死。,8,海盗电台 / The Boat That Rocked / 出位乐人谷(港)  /  海盗电波
导演:莫腾·泰杜姆MortenTyldum   主演:本尼迪克特·康伯巴奇BenedictC...;2014 / 英国美国 / 剧情传记战争同性;;,他给机器起名“克里斯托弗”，因为这是他初恋的名字。,8,模仿游戏 / The Imitation Game / 解码游戏(港)  /  模拟游戏
导演:FrankDarabont   主演:汤姆·汉克斯TomHanks/大卫·摩斯DavidM...;1999 / 美国 / 犯罪剧情奇幻悬疑;;,天使暂时离开。,8,绿里奇迹 / The Green Mile / 绿色奇迹(台)  /  绿色英里
导演:詹姆斯·卡梅隆JamesCameron   主演:阿诺·施瓦辛格ArnoldSchwarz...;1991 / 美国法国 / 动作科幻;;,少见的超越首部的续集，动作片中的经典。,8,终结者2：审判日 / Terminator 2: Judgment Day / 终结者2  /  终结者2：末日审判
导演:邓肯·琼斯DuncanJones   主演:杰克·吉伦哈尔JakeGyllenhaal/...;2011 / 美国加拿大 / 科幻悬疑惊悚;;,邓肯·琼斯继《月球》之后再度奉献出一部精彩绝伦的科幻佳作。,8,源代码 / Source Code / 启动原始码(台)  /  危机解密(港)
导演:AndyWachowski/LarryWachowski   主演:KeanuReeves/LaurenceF...;2003 / 美国澳大利亚 / 动作科幻;;,不得不说，《黑客帝国》系列是商业片与科幻、哲学完美结合的典范。,8,黑客帝国3：矩阵革命 / The Matrix Revolutions / 骇客任务完结篇：最后战役  /  廿二世纪杀人网络3：惊变世纪
导演:李惠民RaymondLee   主演:张曼玉MaggieCheung/林青霞Brigitte...;1992 / 香港中国大陆 / 剧情动作武侠古装;;,嬉笑怒骂，调风动月。,8,新龙门客栈 / 新龍門客棧 / New Dragon Gate Inn
导演:迈克尔·贝MichaelBay   主演:肖恩·康纳利SeanConnery/尼古拉...;1996 / 美国 / 动作冒险;;,类型片的极致。 ,8,勇闯夺命岛 / The Rock / 石破天惊  /  绝地任务
导演:理查德·沙因克曼RichardSchenkman   主演:大卫·李·史密斯David...;2007 / 美国 / 剧情科幻;;,科幻真正的魅力不是视觉效果能取代的。 ,8,这个男人来自地球 / The Man from Earth / 地球不死人(港)  /  这个人来自洞穴
导演:汉内斯·赫尔姆HannesHolm   主演:罗夫·拉斯加德RolfLassgård...;2015 / 瑞典 / 剧情;;,惠及一生的美丽。,8,一个叫欧维的男人决定去死 / En man som heter Ove / 明天别再来敲门(台)  /  想死冇咁易(港)
导演:新海诚MakotoShinkai   主演:神木隆之介RyûnosukeKamiki/上...;2016 / 日本 / 剧情爱情动画;;,穿越错位的时空，仰望陨落的星辰，你没留下你的名字，我却无法忘记那句“我爱你”。,8,你的名字。 / 君の名は。 / 你的名字  /  君之名
导演:MichaelCurtiz   主演:亨弗莱·鲍嘉HumphreyBogart/英格丽·褒曼...;1942 / 美国 / 剧情爱情战争;;,世界上有那么多女人那么多酒馆，但她偏偏走进我的这家。,8,卡萨布兰卡 / Casablanca / 北非谍影(港)  /  卡萨布兰卡
导演:CharlesChaplin   主演:查理·卓别林CharlesChaplin/弗吉尼亚·...;1931 / 美国 / 喜剧剧情爱情;;,永远的小人物，伟大的卓别林。,9,城市之光 / City Lights / City Lights: A Comedy Romance in Pantomime  /  Lichter der Großstadt
导演:吴宇森JohnWoo   主演:约翰·特拉沃尔塔JohnTravolta/尼古拉斯...;1997 / 美国 / 动作科幻犯罪惊悚;;,当发哥的风衣、墨镜出现在了凯奇身上⋯⋯,8,变脸 / Face/Off / 夺面双雄
导演:西恩·潘SeanPenn   主演:埃米尔·赫斯基EmileHirsch/马西娅·...;2007 / 美国 / 冒险传记剧情;;,出门必备：本草纲目。,8,荒野生存 / Into the Wild / 浪荡天涯(港)  /  阿拉斯加之死(台)
导演:StevenSpielberg   主演:HenryThomas/DeeWallace/RobertMacNa...;1982 / 美国 / 剧情科幻;;,生病的E.T.皮肤的颜色就像柿子饼。,8,E.T. 外星人 / E.T.: The Extra-Terrestrial / 外星人E.T.  /  外星人
导演:雅克·贝汉JacquesPerrin/雅克·克鲁奥德JacquesCluzaud   主演:...;2001 / 法国德国意大利西班牙瑞士 / 纪录片;;,最美的飞翔。,9,迁徙的鸟 / Le peuple migrateur / 鸟的迁徙  /  鸟与梦飞行
导演:普特鹏·普罗萨卡·那·萨克那卡林PuttipongPromsakaNaSakolnakorn/华森·波克彭...;2010 / 泰国 / 剧情喜剧爱情;;,黑小鸭速效美白记。,8,初恋这件小事 / สิ่งเล็กเล็กที่เรียกว่า...รัก / 初恋那件小事(港)  /  暗恋那点小事
导演:QuentinTarantino   主演:布拉德·皮特BradPitt/梅拉尼·罗兰M...;2009 / 美国德国 / 剧情犯罪;;,昆汀同学越来越变态了，比北野武还杜琪峰。,8,无耻混蛋 / Inglourious Basterds / 恶棍特工(台)  /  希魔撞正杀人狂(港)
导演:StanleyKubrick   主演:MalcolmMcDowell/PatrickMagee/Michael...;1971 / 英国美国 / 犯罪剧情科幻;;,我完全康复了。,8,发条橙 / A Clockwork Orange / 发条桔子  /  发条橙子
导演:SergioLeone   主演:ClintEastwood/EliWallach/LeeVanCleef;1966 / 意大利西班牙西德 / 冒险西部;;,最棒的西部片。,9,"黄金三镖客 / Il buono, il brutto, il cattivo. / 好·坏·丑  /  独行侠决斗地狱门(港)"
导演:萨姆·门德斯SamMendes   主演:凯文·史派西KevinSpacey/安妮特...;1999 / 美国 / 剧情爱情家庭;;,每个人的内心都是深不可测的大海。 ,8,美国丽人 / American Beauty / 美丽有罪(港)  /  美国心·玫瑰情(台)
导演:是枝裕和HirokazuKoreeda   主演:柳乐优弥YûyaYagira/北浦爱...;2004 / 日本 / 剧情;;,我的平常生活就是他人的幸福。,9,无人知晓 / 誰も知らない / 谁知赤子心  /  无人知晓的夏日清晨
导演:理查德·林克莱特RichardLinklater   主演:伊桑·霍克EthanHawke...;2013 / 美国 / 剧情爱情;;,所谓爱情，就是话唠一路，都不会心生腻烦，彼此嫌弃。,8,爱在午夜降临前 / Before Midnight / 爱在午夜希腊时(台)  /  情约半生(港)
导演:安东尼·明格拉AnthonyMinghella   主演:拉尔夫·费因斯RalphFien...;1996 / 美国英国 / 爱情剧情战争;;,"In memory, love lives forever...",8,英国病人 / The English Patient / 英伦情人(台)  /  别问我是谁(港)
导演:岩井俊二ShunjiIwai   主演:恰拉Chara/伊藤步AyumiIto/三上...;1996 / 日本 / 犯罪剧情;;,现实与童话交相辉映的旅程。,8,燕尾蝶 / スワロウテイル / Swallowtail Butterfly  /  Suwarôteiru
导演:布莱恩·辛格BryanSinger   主演:史蒂芬·鲍德温StephenBaldwin/...;1995 / 德国美国 / 剧情犯罪悬疑惊悚;;,我不信仰上帝，但我敬畏上帝。,8,非常嫌疑犯 / The Usual Suspects / 刺激惊爆点(台)  /  普通嫌疑犯
导演:宁浩HaoNing   主演:郭涛TaoGuo/刘桦HuaLiu/连晋TeddyLin;2006 / 中国大陆香港 / 喜剧犯罪;;,中国版《两杆大烟枪》。,8,疯狂的石头 / Crazy Stone
导演:彼得·维纳PeterWerner   主演:詹姆斯·沃克JamesWolk/特里特·...;2008 / 美国 / 剧情传记;;,乐观比一切都有力量。,8,叫我第一名 / Front of the Class / 站在教室前  /  讲台前的我
导演:加文·欧康诺GavinO'Connor   主演:汤姆·哈迪TomHardy/乔尔·...;2011 / 美国 / 剧情运动家庭;;,热血沸腾，相当完美的娱乐拳击大餐。,8,勇士 / Warrior / 勇者无敌(台)  /  钢铁斗士(港)
导演:大卫·林奇DavidLynch   主演:娜奥米·沃茨NaomiWatts/劳拉·哈...;2001 / 法国美国 / 剧情悬疑惊悚;;,大卫·林奇的梦境迷宫。,8,穆赫兰道 / Mulholland Dr. / 穆荷兰大道(台)  /  失忆大道(港)
导演:瑞奇·莫尔RichMoore   主演:约翰·C·赖利JohnC.Reilly/萨拉...;2012 / 美国 / 喜剧动画奇幻冒险;;,迪士尼和皮克斯拿错剧本的产物。,8,无敌破坏王 / Wreck-It Ralph / 破坏王拉尔夫  /  破坏王大冒险
导演:汤姆·霍珀TomHooper   主演:柯林·菲尔斯ColinFirth/杰弗里·...;2010 / 英国澳大利亚美国 / 剧情传记历史;;,皇上无话儿。,8,国王的演讲 / The King's Speech / 皇上无话儿(港)  /  王者之声：宣战时刻(台)
导演:是枝裕和HirokazuKoreeda   主演:阿部宽HiroshiAbe/夏川结衣Yu...;2008 / 日本 / 剧情家庭;;,日本的家庭电影已经是世界巅峰了，步履不停是巅峰中的佳作。,8,步履不停 / 歩いても 歩いても / 横山家之味(港)  /  步伐不停
导演:爱德华·兹威克EdwardZwick   主演:莱昂纳多·迪卡普里奥Leonardo...;2006 / 美国德国 / 剧情惊悚冒险;;,每个美丽事物背后都是滴血的现实。,8,血钻 / Blood Diamond / 血腥钻石  /  滴血钻石
导演:詹姆斯·沃德·布柯特JamesWardByrkit   主演:艾米丽·芭尔多尼Em...;2013 / 美国英国 / 科幻悬疑惊悚;;,小成本大魅力。,8,彗星来的那一夜 / Coherence / 相干性  /  相干效应
导演:JamieUys   主演:MariusWeyers/SandraPrinsloo/N!xau;1980 / 博茨瓦纳南非 / 喜剧;;,纯净原始的笑与感动。,8,上帝也疯狂 / The Gods Must Be Crazy / 众神也疯狂 (上)  /  上帝一定发疯了 (上)
导演:杜琪峰JohnnieTo   主演:吴镇宇FrancisNg/任达华SimonYam/...;1999 / 香港 / 剧情动作犯罪;;,一群演技精湛的戏骨，奉献出一个精致的黑帮小品，成就杜琪峰群戏的巅峰之作。,8,枪火 / 鎗火 / The Mission
导演:AlanParker   主演:凯文·史派西KevinSpacey/凯特·温丝莱特Kat...;2003 / 美国德国英国 / 剧情犯罪悬疑;;,捍卫人权只是信仰，一点不妨碍其行为的残忍。,8,大卫·戈尔的一生 / The Life of David Gale / 铁案悬谜  /  命悬一线
导演:易智言Chih-yenYee   主演:陈柏霖Bo-linChen/桂纶镁LunmeiKwa...;2002 / 台湾法国 / 剧情爱情同性;;,青春的窃窃私语。 ,8,蓝色大门 / 藍色大門 / 蓝色夏恋  /  Blue Gate Crossing
导演:罗伯·莱纳RobReiner   主演:杰克·尼科尔森JackNicholson/摩根...;2007 / 美国 / 冒险喜剧剧情;;,用剩余不多的时间，去燃烧整个生命。,8,遗愿清单 / The Bucket List / 玩转身前事(港)  /  一路玩到挂(台)
导演:秋昌民Chang-minChoo   主演:宋在河Jae-hoSong/李顺载Soon-jae...;2011 / 韩国 / 剧情爱情;;,你要相信，这世上真的有爱存在，不管在什么年纪 ,9,我爱你 / 그대를 사랑합니다 / 爱你  /  爱，是一生相伴(台)
导演:罗伯特·泽米吉斯RobertZemeckis   主演:汤姆·汉克斯TomHanks/...;2000 / 美国 / 冒险剧情;;,一个人的独角戏。,8,荒岛余生 / Cast Away / 浩劫重生(台)  /  劫后重生(港)
导演:安德鲁·尼科尔AndrewNiccol   主演:伊桑·霍克EthanHawke/乌玛...;1997 / 美国 / 剧情科幻;;,一部能引人思考的科幻励志片。,8,千钧一发 / Gattaca / 变种异煞  /  自然人
导演:李廷香Jeong-hyangLee   主演:金艺芬Eul-boonKim/俞承豪Seung-...;2002 / 韩国 / 剧情家庭;;,献给所有外婆的电影。,9,爱·回家 / 집으로... / 外婆的家  /  回家路上
导演:雷德利·斯科特RidleyScott   主演:乔什·哈奈特JoshHartnett/...;2001 / 美国 / 动作历史战争;;,还原真实而残酷的战争。,8,黑鹰坠落 / Black Hawk Down / 黑鹰降落  /  黑鹰计划
导演:托马斯·麦卡锡ThomasMcCarthy   主演:马克·鲁弗洛MarkRuffalo/...;2015 / 美国 / 剧情传记,,8,聚焦 / Spotlight / 焦点追击(港)  /  惊爆焦点(台)
导演:袁建滔ToeYuen   主演:李晋纬/林海峰JanLamb/吴君如SandraNg;2001 / 香港 / 剧情喜剧动画;;,麦兜是一只很哲学的猪。 ,8,麦兜故事 / 麥兜故事 / 麦兜的故事  /  My Life as McDull
导演:米歇尔·冈瑞MichelGondry   主演:金·凯瑞JimCarrey/凯特·温...;2004 / 美国 / 剧情爱情奇幻;;,恋爱是一次神经的冒险。就算失去记忆，也会爱上你。,8,暖暖内含光 / Eternal Sunshine of the Spotless Mind / 暧暧内含光  /  美丽心灵的永恒阳光
